firm_name,sec_number,aum,employees,city,state,website,contact_name,contact_email,phone,source
"GEORGIA WEALTH PARTNERS, LLC",801-128055,"$137,219,826",4,GRIFFIN,GA,https://georgiawealthpartners.com,Chief Compliance Officer,cletson@georgiawealthpartners.com,678-510-5280,FIRM_WEBSITE
"GEORGIA WEALTH PARTNERS, LLC",801-128055,"$137,219,826",4,GRIFFIN,GA,https://georgiawealthpartners.com,Executive Officer,cletson@georgiawealthpartners.com,678-510-5280,FIRM_WEBSITE
"HEALTHPOINTCAPITAL MANAGEMENT, LLC",801-126773,"$242,796,278",7,SAN DIEGO,CA,https://www.linkedin.com/company/healthpointcapital/,Chief Compliance Officer,N/A,212-935-7780,SEC_IAPD
"HEALTHPOINTCAPITAL MANAGEMENT, LLC",801-126773,"$242,796,278",7,SAN DIEGO,CA,https://www.linkedin.com/company/healthpointcapital/,Executive Officer,N/A,212-935-7780,SEC_IAPD
CORNERSTONE ADVISORS LLC,801-130418,"$276,933,985",5,FAYETTEVILLE,AR,N/A,Chief Compliance Officer,N/A,501-943-7132,SEC_IAPD
CORNERSTONE ADVISORS LLC,801-130418,"$276,933,985",5,FAYETTEVILLE,AR,N/A,Executive Officer,N/A,501-943-7132,SEC_IAPD
